event_id,event_type,lead_id,email,timestamp,metadata
evt_0001,FORM_SUBMISSION,lead_1001,sarah.moore@meta.com,2026-01-10T11:33:22.553Z,"{""name"":""Sarah Moore"",""company"":""Meta"",""source"":""batch_upload_demo""}"
evt_0002,FORM_SUBMISSION,lead_1002,barbara.lopez@oracle.com,2026-01-09T11:55:39.753Z,"{""name"":""Barbara Lopez"",""company"":""Oracle"",""source"":""batch_upload_demo""}"
evt_0003,FORM_SUBMISSION,lead_1003,joseph.anderson@microsoft.com,2026-01-07T20:12:03.383Z,"{""name"":""Joseph Anderson"",""company"":""Microsoft"",""source"":""batch_upload_demo""}"
evt_0004,DEMO_REQUEST,lead_1004,barbara.lopez@microsoft.com,2026-01-09T00:01:06.617Z,"{""name"":""Barbara Lopez"",""company"":""Microsoft"",""source"":""batch_upload_demo""}"
evt_0005,EMAIL_OPEN,lead_1005,barbara.lopez@tesla.com,2026-01-13T05:02:18.302Z,"{""name"":""Barbara Lopez"",""company"":""Tesla"",""source"":""batch_upload_demo""}"
evt_0006,EMAIL_OPEN,lead_1006,elizabeth.martinez@tesla.com,2026-01-14T06:30:55.236Z,"{""name"":""Elizabeth Martinez"",""company"":""Tesla"",""source"":""batch_upload_demo""}"
evt_0007,EMAIL_OPEN,lead_1007,elizabeth.martinez@salesforce.com,2026-01-12T23:24:46.903Z,"{""name"":""Elizabeth Martinez"",""company"":""Salesforce"",""source"":""batch_upload_demo""}"
evt_0008,DEMO_REQUEST,lead_1008,david.hernandez@amazon.com,2026-01-12T17:02:32.040Z,"{""name"":""David Hernandez"",""company"":""Amazon"",""source"":""batch_upload_demo""}"
evt_0009,DEMO_REQUEST,lead_1009,jessica.thomas@intel.com,2026-01-08T07:10:41.372Z,"{""name"":""Jessica Thomas"",""company"":""Intel"",""source"":""batch_upload_demo""}"
evt_0010,PURCHASE,lead_1010,jessica.thomas@oracle.com,2026-01-12T17:51:08.754Z,"{""name"":""Jessica Thomas"",""company"":""Oracle"",""source"":""batch_upload_demo"",""amount"":950}"
evt_0011,DEMO_REQUEST,lead_1011,jennifer.garcia@salesforce.com,2026-01-12T13:15:31.084Z,"{""name"":""Jennifer Garcia"",""company"":""Salesforce"",""source"":""batch_upload_demo""}"
evt_0012,DEMO_REQUEST,lead_1012,linda.davis@uber.com,2026-01-08T22:34:11.779Z,"{""name"":""Linda Davis"",""company"":""Uber"",""source"":""batch_upload_demo""}"
evt_0013,DEMO_REQUEST,lead_1013,susan.wilson@meta.com,2026-01-13T23:41:58.137Z,"{""name"":""Susan Wilson"",""company"":""Meta"",""source"":""batch_upload_demo""}"
evt_0014,PURCHASE,lead_1014,charles.jackson@amazon.com,2026-01-07T23:13:24.744Z,"{""name"":""Charles Jackson"",""company"":""Amazon"",""source"":""batch_upload_demo"",""amount"":64}"
evt_0015,EMAIL_OPEN,lead_1015,susan.wilson@twitter.com,2026-01-09T22:02:16.933Z,"{""name"":""Susan Wilson"",""company"":""Twitter"",""source"":""batch_upload_demo""}"
evt_0016,PURCHASE,lead_1016,linda.davis@salesforce.com,2026-01-07T08:26:17.537Z,"{""name"":""Linda Davis"",""company"":""Salesforce"",""source"":""batch_upload_demo"",""amount"":548}"
evt_0017,PURCHASE,lead_1017,jennifer.garcia@microsoft.com,2026-01-10T11:54:05.899Z,"{""name"":""Jennifer Garcia"",""company"":""Microsoft"",""source"":""batch_upload_demo"",""amount"":217}"
evt_0018,PAGE_VIEW,lead_1018,william.rodriguez@nvidia.com,2026-01-09T05:07:15.991Z,"{""name"":""William Rodriguez"",""company"":""NVIDIA"",""source"":""batch_upload_demo"",""url"":""/features""}"
evt_0019,DEMO_REQUEST,lead_1019,elizabeth.martinez@apple.com,2026-01-10T23:56:31.071Z,"{""name"":""Elizabeth Martinez"",""company"":""Apple"",""source"":""batch_upload_demo""}"
evt_0020,FORM_SUBMISSION,lead_1020,karen.martin@spotify.com,2026-01-13T08:07:38.359Z,"{""name"":""Karen Martin"",""company"":""Spotify"",""source"":""batch_upload_demo""}"
evt_0021,FORM_SUBMISSION,lead_1021,charles.jackson@apple.com,2026-01-13T07:11:06.249Z,"{""name"":""Charles Jackson"",""company"":""Apple"",""source"":""batch_upload_demo""}"
evt_0022,PURCHASE,lead_1022,robert.williams@spotify.com,2026-01-12T10:17:07.045Z,"{""name"":""Robert Williams"",""company"":""Spotify"",""source"":""batch_upload_demo"",""amount"":361}"
evt_0023,FORM_SUBMISSION,lead_1023,robert.williams@meta.com,2026-01-10T10:57:57.351Z,"{""name"":""Robert Williams"",""company"":""Meta"",""source"":""batch_upload_demo""}"
evt_0024,EMAIL_OPEN,lead_1024,mary.johnson@netflix.com,2026-01-08T14:18:15.566Z,"{""name"":""Mary Johnson"",""company"":""Netflix"",""source"":""batch_upload_demo""}"
evt_0025,EMAIL_OPEN,lead_1025,michael.miller@netflix.com,2026-01-08T22:19:21.343Z,"{""name"":""Michael Miller"",""company"":""Netflix"",""source"":""batch_upload_demo""}"
evt_0026,EMAIL_OPEN,lead_1026,michael.miller@twitter.com,2026-01-13T19:41:00.322Z,"{""name"":""Michael Miller"",""company"":""Twitter"",""source"":""batch_upload_demo""}"
evt_0027,EMAIL_OPEN,lead_1027,mary.johnson@spotify.com,2026-01-10T08:01:42.582Z,"{""name"":""Mary Johnson"",""company"":""Spotify"",""source"":""batch_upload_demo""}"
evt_0028,FORM_SUBMISSION,lead_1028,susan.wilson@netflix.com,2026-01-10T19:38:12.160Z,"{""name"":""Susan Wilson"",""company"":""Netflix"",""source"":""batch_upload_demo""}"
evt_0029,PURCHASE,lead_1029,richard.gonzalez@twitter.com,2026-01-11T12:56:37.224Z,"{""name"":""Richard Gonzalez"",""company"":""Twitter"",""source"":""batch_upload_demo"",""amount"":243}"
evt_0030,PAGE_VIEW,lead_1030,michael.miller@adobe.com,2026-01-13T22:49:37.209Z,"{""name"":""Michael Miller"",""company"":""Adobe"",""source"":""batch_upload_demo"",""url"":""/pricing""}"
evt_0031,EMAIL_OPEN,lead_1031,linda.davis@tesla.com,2026-01-11T21:38:34.322Z,"{""name"":""Linda Davis"",""company"":""Tesla"",""source"":""batch_upload_demo""}"
evt_0032,PAGE_VIEW,lead_1032,joseph.anderson@netflix.com,2026-01-10T08:42:56.405Z,"{""name"":""Joseph Anderson"",""company"":""Netflix"",""source"":""batch_upload_demo"",""url"":""/docs""}"
evt_0033,FORM_SUBMISSION,lead_1033,michael.miller@intel.com,2026-01-10T15:02:41.746Z,"{""name"":""Michael Miller"",""company"":""Intel"",""source"":""batch_upload_demo""}"
evt_0034,PAGE_VIEW,lead_1034,james.smith@spotify.com,2026-01-12T03:33:39.412Z,"{""name"":""James Smith"",""company"":""Spotify"",""source"":""batch_upload_demo"",""url"":""/docs""}"
evt_0035,FORM_SUBMISSION,lead_1035,patricia.brown@meta.com,2026-01-08T01:05:39.879Z,"{""name"":""Patricia Brown"",""company"":""Meta"",""source"":""batch_upload_demo""}"
evt_0036,PURCHASE,lead_1036,robert.williams@nvidia.com,2026-01-08T23:05:21.944Z,"{""name"":""Robert Williams"",""company"":""NVIDIA"",""source"":""batch_upload_demo"",""amount"":973}"
evt_0037,PURCHASE,lead_1037,jessica.thomas@apple.com,2026-01-14T01:39:58.509Z,"{""name"":""Jessica Thomas"",""company"":""Apple"",""source"":""batch_upload_demo"",""amount"":609}"
evt_0038,PURCHASE,lead_1038,susan.wilson@tesla.com,2026-01-09T22:38:40.087Z,"{""name"":""Susan Wilson"",""company"":""Tesla"",""source"":""batch_upload_demo"",""amount"":74}"
evt_0039,PURCHASE,lead_1039,susan.wilson@tesla.com,2026-01-11T18:29:03.981Z,"{""name"":""Susan Wilson"",""company"":""Tesla"",""source"":""batch_upload_demo"",""amount"":974}"
evt_0040,FORM_SUBMISSION,lead_1040,james.smith@spotify.com,2026-01-13T14:48:36.672Z,"{""name"":""James Smith"",""company"":""Spotify"",""source"":""batch_upload_demo""}"
evt_0041,PURCHASE,lead_1041,patricia.brown@tesla.com,2026-01-11T07:26:58.999Z,"{""name"":""Patricia Brown"",""company"":""Tesla"",""source"":""batch_upload_demo"",""amount"":365}"
evt_0042,FORM_SUBMISSION,lead_1042,david.hernandez@twitter.com,2026-01-12T10:29:14.541Z,"{""name"":""David Hernandez"",""company"":""Twitter"",""source"":""batch_upload_demo""}"
evt_0043,EMAIL_OPEN,lead_1043,william.rodriguez@twitter.com,2026-01-07T23:19:59.908Z,"{""name"":""William Rodriguez"",""company"":""Twitter"",""source"":""batch_upload_demo""}"
evt_0044,EMAIL_OPEN,lead_1044,mary.johnson@adobe.com,2026-01-10T00:39:58.012Z,"{""name"":""Mary Johnson"",""company"":""Adobe"",""source"":""batch_upload_demo""}"
evt_0045,DEMO_REQUEST,lead_1045,charles.jackson@microsoft.com,2026-01-10T16:45:34.973Z,"{""name"":""Charles Jackson"",""company"":""Microsoft"",""source"":""batch_upload_demo""}"
evt_0046,PURCHASE,lead_1046,jessica.thomas@adobe.com,2026-01-10T01:39:10.860Z,"{""name"":""Jessica Thomas"",""company"":""Adobe"",""source"":""batch_upload_demo"",""amount"":760}"
evt_0047,EMAIL_OPEN,lead_1047,robert.williams@adobe.com,2026-01-10T03:00:58.690Z,"{""name"":""Robert Williams"",""company"":""Adobe"",""source"":""batch_upload_demo""}"
evt_0048,PURCHASE,lead_1048,james.smith@salesforce.com,2026-01-10T12:49:41.342Z,"{""name"":""James Smith"",""company"":""Salesforce"",""source"":""batch_upload_demo"",""amount"":977}"
evt_0049,FORM_SUBMISSION,lead_1049,karen.martin@intel.com,2026-01-12T13:11:36.511Z,"{""name"":""Karen Martin"",""company"":""Intel"",""source"":""batch_upload_demo""}"
evt_0050,PAGE_VIEW,lead_1000,james.smith@intel.com,2026-01-07T17:35:35.812Z,"{""name"":""James Smith"",""company"":""Intel"",""source"":""batch_upload_demo"",""url"":""/docs""}"
evt_0051,PAGE_VIEW,lead_1001,robert.williams@uber.com,2026-01-12T06:17:05.434Z,"{""name"":""Robert Williams"",""company"":""Uber"",""source"":""batch_upload_demo"",""url"":""/docs""}"
evt_0052,PAGE_VIEW,lead_1002,william.rodriguez@meta.com,2026-01-10T15:23:26.852Z,"{""name"":""William Rodriguez"",""company"":""Meta"",""source"":""batch_upload_demo"",""url"":""/pricing""}"
evt_0053,PAGE_VIEW,lead_1003,susan.wilson@intel.com,2026-01-10T13:30:57.937Z,"{""name"":""Susan Wilson"",""company"":""Intel"",""source"":""batch_upload_demo"",""url"":""/home""}"
evt_0054,PURCHASE,lead_1004,elizabeth.martinez@meta.com,2026-01-11T23:57:46.129Z,"{""name"":""Elizabeth Martinez"",""company"":""Meta"",""source"":""batch_upload_demo"",""amount"":832}"
evt_0055,DEMO_REQUEST,lead_1005,david.hernandez@microsoft.com,2026-01-13T23:57:31.465Z,"{""name"":""David Hernandez"",""company"":""Microsoft"",""source"":""batch_upload_demo""}"
evt_0056,PURCHASE,lead_1006,william.rodriguez@tesla.com,2026-01-09T00:32:56.302Z,"{""name"":""William Rodriguez"",""company"":""Tesla"",""source"":""batch_upload_demo"",""amount"":55}"
evt_0057,PAGE_VIEW,lead_1007,michael.miller@uber.com,2026-01-10T18:57:09.844Z,"{""name"":""Michael Miller"",""company"":""Uber"",""source"":""batch_upload_demo"",""url"":""/pricing""}"
evt_0058,DEMO_REQUEST,lead_1008,jessica.thomas@meta.com,2026-01-07T07:41:44.580Z,"{""name"":""Jessica Thomas"",""company"":""Meta"",""source"":""batch_upload_demo""}"
evt_0059,FORM_SUBMISSION,lead_1009,barbara.lopez@adobe.com,2026-01-08T03:07:04.544Z,"{""name"":""Barbara Lopez"",""company"":""Adobe"",""source"":""batch_upload_demo""}"
evt_0060,FORM_SUBMISSION,lead_1010,jessica.thomas@apple.com,2026-01-13T23:04:40.954Z,"{""name"":""Jessica Thomas"",""company"":""Apple"",""source"":""batch_upload_demo""}"
evt_0061,FORM_SUBMISSION,lead_1011,jessica.thomas@apple.com,2026-01-12T19:23:52.726Z,"{""name"":""Jessica Thomas"",""company"":""Apple"",""source"":""batch_upload_demo""}"
evt_0062,EMAIL_OPEN,lead_1012,jessica.thomas@uber.com,2026-01-12T02:46:09.688Z,"{""name"":""Jessica Thomas"",""company"":""Uber"",""source"":""batch_upload_demo""}"
evt_0063,PURCHASE,lead_1013,sarah.moore@tesla.com,2026-01-10T23:52:55.937Z,"{""name"":""Sarah Moore"",""company"":""Tesla"",""source"":""batch_upload_demo"",""amount"":1031}"
evt_0064,PAGE_VIEW,lead_1014,patricia.brown@apple.com,2026-01-07T20:26:23.832Z,"{""name"":""Patricia Brown"",""company"":""Apple"",""source"":""batch_upload_demo"",""url"":""/features""}"
evt_0065,PAGE_VIEW,lead_1015,joseph.anderson@twitter.com,2026-01-13T15:58:30.055Z,"{""name"":""Joseph Anderson"",""company"":""Twitter"",""source"":""batch_upload_demo"",""url"":""/features""}"
evt_0066,PURCHASE,lead_1016,charles.jackson@amazon.com,2026-01-11T10:14:20.383Z,"{""name"":""Charles Jackson"",""company"":""Amazon"",""source"":""batch_upload_demo"",""amount"":812}"
evt_0067,PURCHASE,lead_1017,sarah.moore@google.com,2026-01-13T12:33:17.244Z,"{""name"":""Sarah Moore"",""company"":""Google"",""source"":""batch_upload_demo"",""amount"":187}"
evt_0068,FORM_SUBMISSION,lead_1018,robert.williams@oracle.com,2026-01-09T07:06:37.026Z,"{""name"":""Robert Williams"",""company"":""Oracle"",""source"":""batch_upload_demo""}"
evt_0069,DEMO_REQUEST,lead_1019,elizabeth.martinez@adobe.com,2026-01-12T20:53:34.975Z,"{""name"":""Elizabeth Martinez"",""company"":""Adobe"",""source"":""batch_upload_demo""}"
evt_0070,FORM_SUBMISSION,lead_1020,james.smith@meta.com,2026-01-10T09:56:53.847Z,"{""name"":""James Smith"",""company"":""Meta"",""source"":""batch_upload_demo""}"
evt_0071,PAGE_VIEW,lead_1021,john.jones@apple.com,2026-01-13T19:17:38.267Z,"{""name"":""John Jones"",""company"":""Apple"",""source"":""batch_upload_demo"",""url"":""/features""}"
evt_0072,FORM_SUBMISSION,lead_1022,mary.johnson@twitter.com,2026-01-10T01:01:56.092Z,"{""name"":""Mary Johnson"",""company"":""Twitter"",""source"":""batch_upload_demo""}"
evt_0073,PURCHASE,lead_1023,barbara.lopez@meta.com,2026-01-11T14:49:13.087Z,"{""name"":""Barbara Lopez"",""company"":""Meta"",""source"":""batch_upload_demo"",""amount"":195}"
evt_0074,PAGE_VIEW,lead_1024,susan.wilson@meta.com,2026-01-08T20:26:52.669Z,"{""name"":""Susan Wilson"",""company"":""Meta"",""source"":""batch_upload_demo"",""url"":""/pricing""}"
evt_0075,EMAIL_OPEN,lead_1025,charles.jackson@adobe.com,2026-01-13T18:01:02.380Z,"{""name"":""Charles Jackson"",""company"":""Adobe"",""source"":""batch_upload_demo""}"
evt_0076,FORM_SUBMISSION,lead_1026,robert.williams@nvidia.com,2026-01-10T07:12:47.488Z,"{""name"":""Robert Williams"",""company"":""NVIDIA"",""source"":""batch_upload_demo""}"
evt_0077,PURCHASE,lead_1027,robert.williams@twitter.com,2026-01-08T20:35:17.082Z,"{""name"":""Robert Williams"",""company"":""Twitter"",""source"":""batch_upload_demo"",""amount"":869}"
evt_0078,EMAIL_OPEN,lead_1028,robert.williams@oracle.com,2026-01-08T05:56:37.582Z,"{""name"":""Robert Williams"",""company"":""Oracle"",""source"":""batch_upload_demo""}"
evt_0079,EMAIL_OPEN,lead_1029,robert.williams@google.com,2026-01-08T21:30:04.681Z,"{""name"":""Robert Williams"",""company"":""Google"",""source"":""batch_upload_demo""}"
evt_0080,PAGE_VIEW,lead_1030,barbara.lopez@twitter.com,2026-01-08T20:57:41.020Z,"{""name"":""Barbara Lopez"",""company"":""Twitter"",""source"":""batch_upload_demo"",""url"":""/pricing""}"
evt_0081,FORM_SUBMISSION,lead_1031,linda.davis@salesforce.com,2026-01-13T08:11:44.445Z,"{""name"":""Linda Davis"",""company"":""Salesforce"",""source"":""batch_upload_demo""}"
evt_0082,PAGE_VIEW,lead_1032,barbara.lopez@adobe.com,2026-01-07T19:52:23.102Z,"{""name"":""Barbara Lopez"",""company"":""Adobe"",""source"":""batch_upload_demo"",""url"":""/pricing""}"
evt_0083,EMAIL_OPEN,lead_1033,william.rodriguez@salesforce.com,2026-01-14T06:11:08.223Z,"{""name"":""William Rodriguez"",""company"":""Salesforce"",""source"":""batch_upload_demo""}"
evt_0084,PURCHASE,lead_1034,susan.wilson@microsoft.com,2026-01-09T20:54:02.762Z,"{""name"":""Susan Wilson"",""company"":""Microsoft"",""source"":""batch_upload_demo"",""amount"":789}"
evt_0085,EMAIL_OPEN,lead_1035,michael.miller@salesforce.com,2026-01-11T00:08:26.669Z,"{""name"":""Michael Miller"",""company"":""Salesforce"",""source"":""batch_upload_demo""}"
evt_0086,EMAIL_OPEN,lead_1036,susan.wilson@microsoft.com,2026-01-10T18:55:29.412Z,"{""name"":""Susan Wilson"",""company"":""Microsoft"",""source"":""batch_upload_demo""}"
evt_0087,FORM_SUBMISSION,lead_1037,karen.martin@spotify.com,2026-01-11T21:40:16.419Z,"{""name"":""Karen Martin"",""company"":""Spotify"",""source"":""batch_upload_demo""}"
evt_0088,FORM_SUBMISSION,lead_1038,william.rodriguez@apple.com,2026-01-08T12:20:05.392Z,"{""name"":""William Rodriguez"",""company"":""Apple"",""source"":""batch_upload_demo""}"
evt_0089,FORM_SUBMISSION,lead_1039,patricia.brown@netflix.com,2026-01-14T05:45:35.680Z,"{""name"":""Patricia Brown"",""company"":""Netflix"",""source"":""batch_upload_demo""}"
evt_0090,PAGE_VIEW,lead_1040,john.jones@google.com,2026-01-11T04:35:58.889Z,"{""name"":""John Jones"",""company"":""Google"",""source"":""batch_upload_demo"",""url"":""/docs""}"
evt_0091,DEMO_REQUEST,lead_1041,barbara.lopez@netflix.com,2026-01-13T09:12:03.311Z,"{""name"":""Barbara Lopez"",""company"":""Netflix"",""source"":""batch_upload_demo""}"
evt_0092,DEMO_REQUEST,lead_1042,mary.johnson@nvidia.com,2026-01-13T03:02:32.770Z,"{""name"":""Mary Johnson"",""company"":""NVIDIA"",""source"":""batch_upload_demo""}"
evt_0093,PAGE_VIEW,lead_1043,thomas.taylor@amazon.com,2026-01-09T12:01:48.485Z,"{""name"":""Thomas Taylor"",""company"":""Amazon"",""source"":""batch_upload_demo"",""url"":""/home""}"
evt_0094,PURCHASE,lead_1044,james.smith@google.com,2026-01-09T03:18:02.918Z,"{""name"":""James Smith"",""company"":""Google"",""source"":""batch_upload_demo"",""amount"":1019}"
evt_0095,DEMO_REQUEST,lead_1045,joseph.anderson@oracle.com,2026-01-13T12:08:17.010Z,"{""name"":""Joseph Anderson"",""company"":""Oracle"",""source"":""batch_upload_demo""}"
evt_0096,DEMO_REQUEST,lead_1046,richard.gonzalez@google.com,2026-01-08T09:04:52.201Z,"{""name"":""Richard Gonzalez"",""company"":""Google"",""source"":""batch_upload_demo""}"
evt_0097,DEMO_REQUEST,lead_1047,robert.williams@tesla.com,2026-01-10T21:06:51.787Z,"{""name"":""Robert Williams"",""company"":""Tesla"",""source"":""batch_upload_demo""}"
evt_0098,DEMO_REQUEST,lead_1048,susan.wilson@microsoft.com,2026-01-09T18:31:32.981Z,"{""name"":""Susan Wilson"",""company"":""Microsoft"",""source"":""batch_upload_demo""}"
evt_0099,EMAIL_OPEN,lead_1049,charles.jackson@adobe.com,2026-01-07T11:09:37.550Z,"{""name"":""Charles Jackson"",""company"":""Adobe"",""source"":""batch_upload_demo""}"
evt_0100,PAGE_VIEW,lead_1000,linda.davis@meta.com,2026-01-07T17:25:11.119Z,"{""name"":""Linda Davis"",""company"":""Meta"",""source"":""batch_upload_demo"",""url"":""/pricing""}"
evt_0101,PURCHASE,lead_1001,elizabeth.martinez@spotify.com,2026-01-10T13:30:11.827Z,"{""name"":""Elizabeth Martinez"",""company"":""Spotify"",""source"":""batch_upload_demo"",""amount"":406}"
evt_0102,EMAIL_OPEN,lead_1002,charles.jackson@adobe.com,2026-01-12T15:28:53.901Z,"{""name"":""Charles Jackson"",""company"":""Adobe"",""source"":""batch_upload_demo""}"
evt_0103,EMAIL_OPEN,lead_1003,elizabeth.martinez@netflix.com,2026-01-08T17:49:52.396Z,"{""name"":""Elizabeth Martinez"",""company"":""Netflix"",""source"":""batch_upload_demo""}"
evt_0104,EMAIL_OPEN,lead_1004,patricia.brown@tesla.com,2026-01-12T11:59:46.176Z,"{""name"":""Patricia Brown"",""company"":""Tesla"",""source"":""batch_upload_demo""}"
evt_0105,FORM_SUBMISSION,lead_1005,charles.jackson@meta.com,2026-01-08T23:27:44.816Z,"{""name"":""Charles Jackson"",""company"":""Meta"",""source"":""batch_upload_demo""}"
evt_0106,PAGE_VIEW,lead_1006,barbara.lopez@spotify.com,2026-01-07T16:08:57.535Z,"{""name"":""Barbara Lopez"",""company"":""Spotify"",""source"":""batch_upload_demo"",""url"":""/features""}"
evt_0107,FORM_SUBMISSION,lead_1007,richard.gonzalez@amazon.com,2026-01-13T12:28:18.492Z,"{""name"":""Richard Gonzalez"",""company"":""Amazon"",""source"":""batch_upload_demo""}"
evt_0108,PAGE_VIEW,lead_1008,jennifer.garcia@microsoft.com,2026-01-07T16:37:49.187Z,"{""name"":""Jennifer Garcia"",""company"":""Microsoft"",""source"":""batch_upload_demo"",""url"":""/pricing""}"
evt_0109,PURCHASE,lead_1009,susan.wilson@apple.com,2026-01-08T22:47:04.089Z,"{""name"":""Susan Wilson"",""company"":""Apple"",""source"":""batch_upload_demo"",""amount"":296}"
evt_0110,PURCHASE,lead_1010,jessica.thomas@meta.com,2026-01-12T22:36:22.666Z,"{""name"":""Jessica Thomas"",""company"":""Meta"",""source"":""batch_upload_demo"",""amount"":331}"
evt_0111,PURCHASE,lead_1011,karen.martin@tesla.com,2026-01-08T18:50:49.674Z,"{""name"":""Karen Martin"",""company"":""Tesla"",""source"":""batch_upload_demo"",""amount"":588}"
evt_0112,FORM_SUBMISSION,lead_1012,elizabeth.martinez@uber.com,2026-01-13T18:42:49.709Z,"{""name"":""Elizabeth Martinez"",""company"":""Uber"",""source"":""batch_upload_demo""}"
evt_0113,DEMO_REQUEST,lead_1013,mary.johnson@twitter.com,2026-01-09T00:53:04.143Z,"{""name"":""Mary Johnson"",""company"":""Twitter"",""source"":""batch_upload_demo""}"
evt_0114,PURCHASE,lead_1014,thomas.taylor@google.com,2026-01-09T05:48:23.958Z,"{""name"":""Thomas Taylor"",""company"":""Google"",""source"":""batch_upload_demo"",""amount"":693}"
evt_0115,EMAIL_OPEN,lead_1015,sarah.moore@apple.com,2026-01-13T21:33:14.807Z,"{""name"":""Sarah Moore"",""company"":""Apple"",""source"":""batch_upload_demo""}"
evt_0116,EMAIL_OPEN,lead_1016,karen.martin@netflix.com,2026-01-13T02:14:16.297Z,"{""name"":""Karen Martin"",""company"":""Netflix"",""source"":""batch_upload_demo""}"
evt_0117,PAGE_VIEW,lead_1017,robert.williams@microsoft.com,2026-01-13T01:17:11.115Z,"{""name"":""Robert Williams"",""company"":""Microsoft"",""source"":""batch_upload_demo"",""url"":""/docs""}"
evt_0118,PAGE_VIEW,lead_1018,john.jones@uber.com,2026-01-08T00:26:25.409Z,"{""name"":""John Jones"",""company"":""Uber"",""source"":""batch_upload_demo"",""url"":""/pricing""}"
evt_0119,FORM_SUBMISSION,lead_1019,william.rodriguez@intel.com,2026-01-10T14:03:53.798Z,"{""name"":""William Rodriguez"",""company"":""Intel"",""source"":""batch_upload_demo""}"
evt_0120,EMAIL_OPEN,lead_1020,jessica.thomas@apple.com,2026-01-10T02:49:51.698Z,"{""name"":""Jessica Thomas"",""company"":""Apple"",""source"":""batch_upload_demo""}"
evt_0121,DEMO_REQUEST,lead_1021,david.hernandez@uber.com,2026-01-13T12:53:34.432Z,"{""name"":""David Hernandez"",""company"":""Uber"",""source"":""batch_upload_demo""}"
evt_0122,EMAIL_OPEN,lead_1022,john.jones@uber.com,2026-01-12T09:50:27.626Z,"{""name"":""John Jones"",""company"":""Uber"",""source"":""batch_upload_demo""}"
evt_0123,DEMO_REQUEST,lead_1023,thomas.taylor@intel.com,2026-01-13T04:04:27.838Z,"{""name"":""Thomas Taylor"",""company"":""Intel"",""source"":""batch_upload_demo""}"
evt_0124,FORM_SUBMISSION,lead_1024,joseph.anderson@apple.com,2026-01-11T23:00:22.918Z,"{""name"":""Joseph Anderson"",""company"":""Apple"",""source"":""batch_upload_demo""}"
evt_0125,PAGE_VIEW,lead_1025,richard.gonzalez@google.com,2026-01-12T02:38:50.791Z,"{""name"":""Richard Gonzalez"",""company"":""Google"",""source"":""batch_upload_demo"",""url"":""/docs""}"
evt_0126,FORM_SUBMISSION,lead_1026,michael.miller@meta.com,2026-01-13T05:57:04.415Z,"{""name"":""Michael Miller"",""company"":""Meta"",""source"":""batch_upload_demo""}"
evt_0127,DEMO_REQUEST,lead_1027,michael.miller@microsoft.com,2026-01-11T11:06:55.563Z,"{""name"":""Michael Miller"",""company"":""Microsoft"",""source"":""batch_upload_demo""}"
evt_0128,DEMO_REQUEST,lead_1028,john.jones@meta.com,2026-01-09T10:44:31.052Z,"{""name"":""John Jones"",""company"":""Meta"",""source"":""batch_upload_demo""}"
evt_0129,PAGE_VIEW,lead_1029,john.jones@amazon.com,2026-01-07T20:06:43.006Z,"{""name"":""John Jones"",""company"":""Amazon"",""source"":""batch_upload_demo"",""url"":""/home""}"
evt_0130,DEMO_REQUEST,lead_1030,john.jones@adobe.com,2026-01-09T17:36:07.032Z,"{""name"":""John Jones"",""company"":""Adobe"",""source"":""batch_upload_demo""}"
evt_0131,PURCHASE,lead_1031,richard.gonzalez@nvidia.com,2026-01-08T19:30:53.683Z,"{""name"":""Richard Gonzalez"",""company"":""NVIDIA"",""source"":""batch_upload_demo"",""amount"":645}"
evt_0132,PAGE_VIEW,lead_1032,susan.wilson@oracle.com,2026-01-14T05:25:18.428Z,"{""name"":""Susan Wilson"",""company"":""Oracle"",""source"":""batch_upload_demo"",""url"":""/pricing""}"
evt_0133,EMAIL_OPEN,lead_1033,jessica.thomas@salesforce.com,2026-01-13T06:11:39.088Z,"{""name"":""Jessica Thomas"",""company"":""Salesforce"",""source"":""batch_upload_demo""}"
evt_0134,PURCHASE,lead_1034,thomas.taylor@netflix.com,2026-01-14T05:29:58.331Z,"{""name"":""Thomas Taylor"",""company"":""Netflix"",""source"":""batch_upload_demo"",""amount"":901}"
evt_0135,FORM_SUBMISSION,lead_1035,barbara.lopez@apple.com,2026-01-07T12:40:43.013Z,"{""name"":""Barbara Lopez"",""company"":""Apple"",""source"":""batch_upload_demo""}"
evt_0136,PURCHASE,lead_1036,jennifer.garcia@oracle.com,2026-01-13T12:15:16.837Z,"{""name"":""Jennifer Garcia"",""company"":""Oracle"",""source"":""batch_upload_demo"",""amount"":1013}"
evt_0137,DEMO_REQUEST,lead_1037,joseph.anderson@spotify.com,2026-01-10T15:36:11.444Z,"{""name"":""Joseph Anderson"",""company"":""Spotify"",""source"":""batch_upload_demo""}"
evt_0138,EMAIL_OPEN,lead_1038,sarah.moore@twitter.com,2026-01-13T09:59:06.282Z,"{""name"":""Sarah Moore"",""company"":""Twitter"",""source"":""batch_upload_demo""}"
evt_0139,EMAIL_OPEN,lead_1039,jennifer.garcia@apple.com,2026-01-10T05:18:53.805Z,"{""name"":""Jennifer Garcia"",""company"":""Apple"",""source"":""batch_upload_demo""}"
evt_0140,PURCHASE,lead_1040,karen.martin@apple.com,2026-01-14T03:08:52.505Z,"{""name"":""Karen Martin"",""company"":""Apple"",""source"":""batch_upload_demo"",""amount"":702}"
evt_0141,EMAIL_OPEN,lead_1041,richard.gonzalez@amazon.com,2026-01-10T19:04:39.306Z,"{""name"":""Richard Gonzalez"",""company"":""Amazon"",""source"":""batch_upload_demo""}"
evt_0142,DEMO_REQUEST,lead_1042,karen.martin@google.com,2026-01-12T04:24:05.581Z,"{""name"":""Karen Martin"",""company"":""Google"",""source"":""batch_upload_demo""}"
evt_0143,PAGE_VIEW,lead_1043,richard.gonzalez@salesforce.com,2026-01-08T02:43:24.654Z,"{""name"":""Richard Gonzalez"",""company"":""Salesforce"",""source"":""batch_upload_demo"",""url"":""/home""}"
evt_0144,FORM_SUBMISSION,lead_1044,barbara.lopez@uber.com,2026-01-12T07:23:27.425Z,"{""name"":""Barbara Lopez"",""company"":""Uber"",""source"":""batch_upload_demo""}"
evt_0145,EMAIL_OPEN,lead_1045,john.jones@uber.com,2026-01-07T11:47:17.345Z,"{""name"":""John Jones"",""company"":""Uber"",""source"":""batch_upload_demo""}"
evt_0146,PAGE_VIEW,lead_1046,jennifer.garcia@netflix.com,2026-01-07T16:49:34.664Z,"{""name"":""Jennifer Garcia"",""company"":""Netflix"",""source"":""batch_upload_demo"",""url"":""/docs""}"
evt_0147,FORM_SUBMISSION,lead_1047,charles.jackson@spotify.com,2026-01-13T18:29:05.089Z,"{""name"":""Charles Jackson"",""company"":""Spotify"",""source"":""batch_upload_demo""}"
evt_0148,DEMO_REQUEST,lead_1048,william.rodriguez@nvidia.com,2026-01-10T14:11:02.212Z,"{""name"":""William Rodriguez"",""company"":""NVIDIA"",""source"":""batch_upload_demo""}"
evt_0149,EMAIL_OPEN,lead_1049,richard.gonzalez@uber.com,2026-01-10T22:20:31.174Z,"{""name"":""Richard Gonzalez"",""company"":""Uber"",""source"":""batch_upload_demo""}"
evt_0150,PAGE_VIEW,lead_1000,charles.jackson@uber.com,2026-01-08T03:37:31.566Z,"{""name"":""Charles Jackson"",""company"":""Uber"",""source"":""batch_upload_demo"",""url"":""/pricing""}"
evt_0151,PAGE_VIEW,lead_1001,michael.miller@spotify.com,2026-01-08T05:13:15.774Z,"{""name"":""Michael Miller"",""company"":""Spotify"",""source"":""batch_upload_demo"",""url"":""/features""}"
evt_0152,PAGE_VIEW,lead_1002,mary.johnson@nvidia.com,2026-01-11T01:41:19.966Z,"{""name"":""Mary Johnson"",""company"":""NVIDIA"",""source"":""batch_upload_demo"",""url"":""/pricing""}"
evt_0153,FORM_SUBMISSION,lead_1003,karen.martin@tesla.com,2026-01-14T04:46:34.015Z,"{""name"":""Karen Martin"",""company"":""Tesla"",""source"":""batch_upload_demo""}"
evt_0154,PURCHASE,lead_1004,mary.johnson@amazon.com,2026-01-10T20:55:37.386Z,"{""name"":""Mary Johnson"",""company"":""Amazon"",""source"":""batch_upload_demo"",""amount"":460}"
evt_0155,PAGE_VIEW,lead_1005,linda.davis@adobe.com,2026-01-11T11:09:32.631Z,"{""name"":""Linda Davis"",""company"":""Adobe"",""source"":""batch_upload_demo"",""url"":""/home""}"
evt_0156,FORM_SUBMISSION,lead_1006,karen.martin@amazon.com,2026-01-07T07:29:48.375Z,"{""name"":""Karen Martin"",""company"":""Amazon"",""source"":""batch_upload_demo""}"
evt_0157,FORM_SUBMISSION,lead_1007,patricia.brown@uber.com,2026-01-13T05:46:27.811Z,"{""name"":""Patricia Brown"",""company"":""Uber"",""source"":""batch_upload_demo""}"
evt_0158,PURCHASE,lead_1008,patricia.brown@google.com,2026-01-07T18:58:33.400Z,"{""name"":""Patricia Brown"",""company"":""Google"",""source"":""batch_upload_demo"",""amount"":113}"
evt_0159,EMAIL_OPEN,lead_1009,robert.williams@intel.com,2026-01-11T17:35:15.427Z,"{""name"":""Robert Williams"",""company"":""Intel"",""source"":""batch_upload_demo""}"
evt_0160,FORM_SUBMISSION,lead_1010,elizabeth.martinez@uber.com,2026-01-10T08:41:51.033Z,"{""name"":""Elizabeth Martinez"",""company"":""Uber"",""source"":""batch_upload_demo""}"
evt_0161,EMAIL_OPEN,lead_1011,sarah.moore@microsoft.com,2026-01-08T06:12:41.972Z,"{""name"":""Sarah Moore"",""company"":""Microsoft"",""source"":""batch_upload_demo""}"
evt_0162,FORM_SUBMISSION,lead_1012,karen.martin@adobe.com,2026-01-12T19:48:45.767Z,"{""name"":""Karen Martin"",""company"":""Adobe"",""source"":""batch_upload_demo""}"
evt_0163,EMAIL_OPEN,lead_1013,jennifer.garcia@uber.com,2026-01-07T21:01:31.931Z,"{""name"":""Jennifer Garcia"",""company"":""Uber"",""source"":""batch_upload_demo""}"
evt_0164,PURCHASE,lead_1014,jennifer.garcia@uber.com,2026-01-07T13:47:17.961Z,"{""name"":""Jennifer Garcia"",""company"":""Uber"",""source"":""batch_upload_demo"",""amount"":778}"
evt_0165,PAGE_VIEW,lead_1015,barbara.lopez@oracle.com,2026-01-13T12:20:27.807Z,"{""name"":""Barbara Lopez"",""company"":""Oracle"",""source"":""batch_upload_demo"",""url"":""/pricing""}"
evt_0166,PAGE_VIEW,lead_1016,linda.davis@tesla.com,2026-01-10T21:18:55.559Z,"{""name"":""Linda Davis"",""company"":""Tesla"",""source"":""batch_upload_demo"",""url"":""/features""}"
evt_0167,PURCHASE,lead_1017,joseph.anderson@microsoft.com,2026-01-11T02:56:57.789Z,"{""name"":""Joseph Anderson"",""company"":""Microsoft"",""source"":""batch_upload_demo"",""amount"":628}"
evt_0168,PAGE_VIEW,lead_1018,charles.jackson@amazon.com,2026-01-11T22:22:29.380Z,"{""name"":""Charles Jackson"",""company"":""Amazon"",""source"":""batch_upload_demo"",""url"":""/features""}"
evt_0169,PURCHASE,lead_1019,michael.miller@oracle.com,2026-01-10T10:31:02.723Z,"{""name"":""Michael Miller"",""company"":""Oracle"",""source"":""batch_upload_demo"",""amount"":755}"
evt_0170,PAGE_VIEW,lead_1020,jennifer.garcia@salesforce.com,2026-01-13T20:54:22.952Z,"{""name"":""Jennifer Garcia"",""company"":""Salesforce"",""source"":""batch_upload_demo"",""url"":""/home""}"
evt_0171,PAGE_VIEW,lead_1021,karen.martin@oracle.com,2026-01-11T09:51:20.920Z,"{""name"":""Karen Martin"",""company"":""Oracle"",""source"":""batch_upload_demo"",""url"":""/home""}"
evt_0172,PURCHASE,lead_1022,robert.williams@meta.com,2026-01-08T15:39:38.830Z,"{""name"":""Robert Williams"",""company"":""Meta"",""source"":""batch_upload_demo"",""amount"":707}"
evt_0173,FORM_SUBMISSION,lead_1023,mary.johnson@netflix.com,2026-01-13T11:36:22.796Z,"{""name"":""Mary Johnson"",""company"":""Netflix"",""source"":""batch_upload_demo""}"
evt_0174,FORM_SUBMISSION,lead_1024,elizabeth.martinez@google.com,2026-01-09T20:45:52.753Z,"{""name"":""Elizabeth Martinez"",""company"":""Google"",""source"":""batch_upload_demo""}"
evt_0175,FORM_SUBMISSION,lead_1025,karen.martin@meta.com,2026-01-12T19:36:50.044Z,"{""name"":""Karen Martin"",""company"":""Meta"",""source"":""batch_upload_demo""}"
evt_0176,PAGE_VIEW,lead_1026,mary.johnson@salesforce.com,2026-01-11T06:11:53.773Z,"{""name"":""Mary Johnson"",""company"":""Salesforce"",""source"":""batch_upload_demo"",""url"":""/features""}"
evt_0177,EMAIL_OPEN,lead_1027,michael.miller@twitter.com,2026-01-13T22:29:07.379Z,"{""name"":""Michael Miller"",""company"":""Twitter"",""source"":""batch_upload_demo""}"
evt_0178,PAGE_VIEW,lead_1028,michael.miller@intel.com,2026-01-11T08:33:14.225Z,"{""name"":""Michael Miller"",""company"":""Intel"",""source"":""batch_upload_demo"",""url"":""/pricing""}"
evt_0179,FORM_SUBMISSION,lead_1029,elizabeth.martinez@oracle.com,2026-01-12T17:39:27.516Z,"{""name"":""Elizabeth Martinez"",""company"":""Oracle"",""source"":""batch_upload_demo""}"
evt_0180,FORM_SUBMISSION,lead_1030,william.rodriguez@meta.com,2026-01-13T00:32:41.709Z,"{""name"":""William Rodriguez"",""company"":""Meta"",""source"":""batch_upload_demo""}"
evt_0181,FORM_SUBMISSION,lead_1031,thomas.taylor@amazon.com,2026-01-07T09:06:15.147Z,"{""name"":""Thomas Taylor"",""company"":""Amazon"",""source"":""batch_upload_demo""}"
evt_0182,PURCHASE,lead_1032,david.hernandez@uber.com,2026-01-12T18:20:24.788Z,"{""name"":""David Hernandez"",""company"":""Uber"",""source"":""batch_upload_demo"",""amount"":669}"
evt_0183,EMAIL_OPEN,lead_1033,robert.williams@spotify.com,2026-01-12T16:13:40.439Z,"{""name"":""Robert Williams"",""company"":""Spotify"",""source"":""batch_upload_demo""}"
evt_0184,PAGE_VIEW,lead_1034,sarah.moore@nvidia.com,2026-01-11T19:34:41.107Z,"{""name"":""Sarah Moore"",""company"":""NVIDIA"",""source"":""batch_upload_demo"",""url"":""/home""}"
evt_0185,PURCHASE,lead_1035,barbara.lopez@uber.com,2026-01-11T14:50:50.052Z,"{""name"":""Barbara Lopez"",""company"":""Uber"",""source"":""batch_upload_demo"",""amount"":649}"
evt_0186,PURCHASE,lead_1036,michael.miller@salesforce.com,2026-01-13T22:00:18.530Z,"{""name"":""Michael Miller"",""company"":""Salesforce"",""source"":""batch_upload_demo"",""amount"":387}"
evt_0187,FORM_SUBMISSION,lead_1037,barbara.lopez@intel.com,2026-01-13T05:55:47.503Z,"{""name"":""Barbara Lopez"",""company"":""Intel"",""source"":""batch_upload_demo""}"
evt_0188,DEMO_REQUEST,lead_1038,richard.gonzalez@meta.com,2026-01-08T17:21:30.723Z,"{""name"":""Richard Gonzalez"",""company"":""Meta"",""source"":""batch_upload_demo""}"
evt_0189,EMAIL_OPEN,lead_1039,jennifer.garcia@apple.com,2026-01-08T07:38:53.441Z,"{""name"":""Jennifer Garcia"",""company"":""Apple"",""source"":""batch_upload_demo""}"
evt_0190,PAGE_VIEW,lead_1040,richard.gonzalez@adobe.com,2026-01-09T21:22:31.952Z,"{""name"":""Richard Gonzalez"",""company"":""Adobe"",""source"":""batch_upload_demo"",""url"":""/features""}"
evt_0191,PAGE_VIEW,lead_1041,john.jones@twitter.com,2026-01-08T07:05:31.601Z,"{""name"":""John Jones"",""company"":""Twitter"",""source"":""batch_upload_demo"",""url"":""/home""}"
evt_0192,DEMO_REQUEST,lead_1042,michael.miller@apple.com,2026-01-08T01:40:00.493Z,"{""name"":""Michael Miller"",""company"":""Apple"",""source"":""batch_upload_demo""}"
evt_0193,DEMO_REQUEST,lead_1043,jessica.thomas@netflix.com,2026-01-11T01:25:04.758Z,"{""name"":""Jessica Thomas"",""company"":""Netflix"",""source"":""batch_upload_demo""}"
evt_0194,FORM_SUBMISSION,lead_1044,jessica.thomas@spotify.com,2026-01-09T12:38:56.999Z,"{""name"":""Jessica Thomas"",""company"":""Spotify"",""source"":""batch_upload_demo""}"
evt_0195,DEMO_REQUEST,lead_1045,michael.miller@twitter.com,2026-01-12T20:15:14.348Z,"{""name"":""Michael Miller"",""company"":""Twitter"",""source"":""batch_upload_demo""}"
evt_0196,DEMO_REQUEST,lead_1046,charles.jackson@uber.com,2026-01-07T15:51:02.974Z,"{""name"":""Charles Jackson"",""company"":""Uber"",""source"":""batch_upload_demo""}"
evt_0197,FORM_SUBMISSION,lead_1047,susan.wilson@google.com,2026-01-11T10:56:47.077Z,"{""name"":""Susan Wilson"",""company"":""Google"",""source"":""batch_upload_demo""}"
evt_0198,EMAIL_OPEN,lead_1048,mary.johnson@microsoft.com,2026-01-11T18:04:12.368Z,"{""name"":""Mary Johnson"",""company"":""Microsoft"",""source"":""batch_upload_demo""}"
evt_0199,PAGE_VIEW,lead_1049,jessica.thomas@google.com,2026-01-10T21:07:13.459Z,"{""name"":""Jessica Thomas"",""company"":""Google"",""source"":""batch_upload_demo"",""url"":""/docs""}"
evt_0200,EMAIL_OPEN,lead_1000,richard.gonzalez@twitter.com,2026-01-12T17:46:31.326Z,"{""name"":""Richard Gonzalez"",""company"":""Twitter"",""source"":""batch_upload_demo""}"
evt_0201,PURCHASE,lead_1001,elizabeth.martinez@salesforce.com,2026-01-14T03:33:32.170Z,"{""name"":""Elizabeth Martinez"",""company"":""Salesforce"",""source"":""batch_upload_demo"",""amount"":861}"
evt_0202,PURCHASE,lead_1002,susan.wilson@oracle.com,2026-01-12T04:56:03.098Z,"{""name"":""Susan Wilson"",""company"":""Oracle"",""source"":""batch_upload_demo"",""amount"":629}"
evt_0203,PAGE_VIEW,lead_1003,joseph.anderson@twitter.com,2026-01-09T06:09:16.907Z,"{""name"":""Joseph Anderson"",""company"":""Twitter"",""source"":""batch_upload_demo"",""url"":""/home""}"
evt_0204,FORM_SUBMISSION,lead_1004,joseph.anderson@microsoft.com,2026-01-10T09:16:54.625Z,"{""name"":""Joseph Anderson"",""company"":""Microsoft"",""source"":""batch_upload_demo""}"
evt_0205,FORM_SUBMISSION,lead_1005,michael.miller@spotify.com,2026-01-12T00:41:22.520Z,"{""name"":""Michael Miller"",""company"":""Spotify"",""source"":""batch_upload_demo""}"
evt_0206,PAGE_VIEW,lead_1006,karen.martin@netflix.com,2026-01-07T14:08:28.971Z,"{""name"":""Karen Martin"",""company"":""Netflix"",""source"":""batch_upload_demo"",""url"":""/features""}"
evt_0207,PAGE_VIEW,lead_1007,thomas.taylor@salesforce.com,2026-01-13T06:44:20.799Z,"{""name"":""Thomas Taylor"",""company"":""Salesforce"",""source"":""batch_upload_demo"",""url"":""/pricing""}"
evt_0208,FORM_SUBMISSION,lead_1008,sarah.moore@uber.com,2026-01-09T09:46:21.821Z,"{""name"":""Sarah Moore"",""company"":""Uber"",""source"":""batch_upload_demo""}"
evt_0209,FORM_SUBMISSION,lead_1009,jessica.thomas@nvidia.com,2026-01-08T12:15:06.034Z,"{""name"":""Jessica Thomas"",""company"":""NVIDIA"",""source"":""batch_upload_demo""}"
evt_0210,FORM_SUBMISSION,lead_1010,jessica.thomas@netflix.com,2026-01-11T12:25:36.178Z,"{""name"":""Jessica Thomas"",""company"":""Netflix"",""source"":""batch_upload_demo""}"
evt_0211,DEMO_REQUEST,lead_1011,jessica.thomas@amazon.com,2026-01-07T21:26:46.148Z,"{""name"":""Jessica Thomas"",""company"":""Amazon"",""source"":""batch_upload_demo""}"
evt_0212,EMAIL_OPEN,lead_1012,karen.martin@amazon.com,2026-01-09T20:36:27.667Z,"{""name"":""Karen Martin"",""company"":""Amazon"",""source"":""batch_upload_demo""}"
evt_0213,EMAIL_OPEN,lead_1013,jessica.thomas@nvidia.com,2026-01-11T18:08:55.654Z,"{""name"":""Jessica Thomas"",""company"":""NVIDIA"",""source"":""batch_upload_demo""}"
evt_0214,DEMO_REQUEST,lead_1014,michael.miller@tesla.com,2026-01-09T11:45:27.938Z,"{""name"":""Michael Miller"",""company"":""Tesla"",""source"":""batch_upload_demo""}"
evt_0215,EMAIL_OPEN,lead_1015,robert.williams@google.com,2026-01-12T04:45:41.549Z,"{""name"":""Robert Williams"",""company"":""Google"",""source"":""batch_upload_demo""}"
evt_0216,DEMO_REQUEST,lead_1016,charles.jackson@amazon.com,2026-01-09T21:05:44.399Z,"{""name"":""Charles Jackson"",""company"":""Amazon"",""source"":""batch_upload_demo""}"
evt_0217,PAGE_VIEW,lead_1017,william.rodriguez@intel.com,2026-01-12T02:51:36.429Z,"{""name"":""William Rodriguez"",""company"":""Intel"",""source"":""batch_upload_demo"",""url"":""/features""}"
evt_0218,PURCHASE,lead_1018,joseph.anderson@salesforce.com,2026-01-10T05:30:19.749Z,"{""name"":""Joseph Anderson"",""company"":""Salesforce"",""source"":""batch_upload_demo"",""amount"":441}"
evt_0219,PURCHASE,lead_1019,patricia.brown@nvidia.com,2026-01-10T21:07:35.667Z,"{""name"":""Patricia Brown"",""company"":""NVIDIA"",""source"":""batch_upload_demo"",""amount"":585}"
evt_0220,EMAIL_OPEN,lead_1020,susan.wilson@adobe.com,2026-01-09T17:40:06.146Z,"{""name"":""Susan Wilson"",""company"":""Adobe"",""source"":""batch_upload_demo""}"
evt_0221,EMAIL_OPEN,lead_1021,thomas.taylor@amazon.com,2026-01-11T06:15:07.386Z,"{""name"":""Thomas Taylor"",""company"":""Amazon"",""source"":""batch_upload_demo""}"
evt_0222,DEMO_REQUEST,lead_1022,john.jones@tesla.com,2026-01-08T07:27:55.841Z,"{""name"":""John Jones"",""company"":""Tesla"",""source"":""batch_upload_demo""}"
evt_0223,PAGE_VIEW,lead_1023,james.smith@spotify.com,2026-01-12T23:14:17.629Z,"{""name"":""James Smith"",""company"":""Spotify"",""source"":""batch_upload_demo"",""url"":""/home""}"
evt_0224,FORM_SUBMISSION,lead_1024,charles.jackson@tesla.com,2026-01-11T08:45:10.566Z,"{""name"":""Charles Jackson"",""company"":""Tesla"",""source"":""batch_upload_demo""}"
evt_0225,DEMO_REQUEST,lead_1025,sarah.moore@netflix.com,2026-01-08T21:51:25.599Z,"{""name"":""Sarah Moore"",""company"":""Netflix"",""source"":""batch_upload_demo""}"
evt_0226,DEMO_REQUEST,lead_1026,joseph.anderson@microsoft.com,2026-01-09T16:13:31.042Z,"{""name"":""Joseph Anderson"",""company"":""Microsoft"",""source"":""batch_upload_demo""}"
evt_0227,PURCHASE,lead_1027,jessica.thomas@adobe.com,2026-01-08T01:20:08.876Z,"{""name"":""Jessica Thomas"",""company"":""Adobe"",""source"":""batch_upload_demo"",""amount"":530}"
evt_0228,FORM_SUBMISSION,lead_1028,elizabeth.martinez@netflix.com,2026-01-12T19:14:44.774Z,"{""name"":""Elizabeth Martinez"",""company"":""Netflix"",""source"":""batch_upload_demo""}"
evt_0229,PAGE_VIEW,lead_1029,linda.davis@amazon.com,2026-01-12T16:38:22.882Z,"{""name"":""Linda Davis"",""company"":""Amazon"",""source"":""batch_upload_demo"",""url"":""/docs""}"
evt_0230,DEMO_REQUEST,lead_1030,jennifer.garcia@spotify.com,2026-01-10T09:24:03.028Z,"{""name"":""Jennifer Garcia"",""company"":""Spotify"",""source"":""batch_upload_demo""}"
evt_0231,PURCHASE,lead_1031,sarah.moore@intel.com,2026-01-10T14:31:37.482Z,"{""name"":""Sarah Moore"",""company"":""Intel"",""source"":""batch_upload_demo"",""amount"":61}"
evt_0232,DEMO_REQUEST,lead_1032,elizabeth.martinez@apple.com,2026-01-11T09:06:46.734Z,"{""name"":""Elizabeth Martinez"",""company"":""Apple"",""source"":""batch_upload_demo""}"
evt_0233,EMAIL_OPEN,lead_1033,charles.jackson@tesla.com,2026-01-07T07:32:49.735Z,"{""name"":""Charles Jackson"",""company"":""Tesla"",""source"":""batch_upload_demo""}"
evt_0234,FORM_SUBMISSION,lead_1034,charles.jackson@microsoft.com,2026-01-07T23:54:34.172Z,"{""name"":""Charles Jackson"",""company"":""Microsoft"",""source"":""batch_upload_demo""}"
evt_0235,PAGE_VIEW,lead_1035,jennifer.garcia@salesforce.com,2026-01-10T22:08:14.795Z,"{""name"":""Jennifer Garcia"",""company"":""Salesforce"",""source"":""batch_upload_demo"",""url"":""/home""}"
evt_0236,DEMO_REQUEST,lead_1036,jennifer.garcia@netflix.com,2026-01-07T23:09:43.495Z,"{""name"":""Jennifer Garcia"",""company"":""Netflix"",""source"":""batch_upload_demo""}"
evt_0237,FORM_SUBMISSION,lead_1037,elizabeth.martinez@google.com,2026-01-08T03:30:55.116Z,"{""name"":""Elizabeth Martinez"",""company"":""Google"",""source"":""batch_upload_demo""}"
evt_0238,PAGE_VIEW,lead_1038,charles.jackson@microsoft.com,2026-01-07T14:18:45.139Z,"{""name"":""Charles Jackson"",""company"":""Microsoft"",""source"":""batch_upload_demo"",""url"":""/home""}"
evt_0239,DEMO_REQUEST,lead_1039,robert.williams@amazon.com,2026-01-13T15:08:34.929Z,"{""name"":""Robert Williams"",""company"":""Amazon"",""source"":""batch_upload_demo""}"
evt_0240,EMAIL_OPEN,lead_1040,barbara.lopez@twitter.com,2026-01-13T07:16:41.025Z,"{""name"":""Barbara Lopez"",""company"":""Twitter"",""source"":""batch_upload_demo""}"
evt_0241,FORM_SUBMISSION,lead_1041,richard.gonzalez@uber.com,2026-01-12T20:03:24.790Z,"{""name"":""Richard Gonzalez"",""company"":""Uber"",""source"":""batch_upload_demo""}"
evt_0242,PAGE_VIEW,lead_1042,william.rodriguez@adobe.com,2026-01-09T01:52:30.011Z,"{""name"":""William Rodriguez"",""company"":""Adobe"",""source"":""batch_upload_demo"",""url"":""/docs""}"
evt_0243,DEMO_REQUEST,lead_1043,richard.gonzalez@twitter.com,2026-01-11T16:58:57.829Z,"{""name"":""Richard Gonzalez"",""company"":""Twitter"",""source"":""batch_upload_demo""}"
evt_0244,FORM_SUBMISSION,lead_1044,william.rodriguez@apple.com,2026-01-14T05:39:24.237Z,"{""name"":""William Rodriguez"",""company"":""Apple"",""source"":""batch_upload_demo""}"
evt_0245,FORM_SUBMISSION,lead_1045,robert.williams@nvidia.com,2026-01-09T19:44:40.468Z,"{""name"":""Robert Williams"",""company"":""NVIDIA"",""source"":""batch_upload_demo""}"
evt_0246,EMAIL_OPEN,lead_1046,john.jones@oracle.com,2026-01-12T05:45:06.453Z,"{""name"":""John Jones"",""company"":""Oracle"",""source"":""batch_upload_demo""}"
evt_0247,DEMO_REQUEST,lead_1047,susan.wilson@apple.com,2026-01-12T13:38:53.483Z,"{""name"":""Susan Wilson"",""company"":""Apple"",""source"":""batch_upload_demo""}"
evt_0248,PURCHASE,lead_1048,thomas.taylor@apple.com,2026-01-09T01:16:27.260Z,"{""name"":""Thomas Taylor"",""company"":""Apple"",""source"":""batch_upload_demo"",""amount"":131}"
evt_0249,PURCHASE,lead_1049,robert.williams@meta.com,2026-01-08T18:51:37.449Z,"{""name"":""Robert Williams"",""company"":""Meta"",""source"":""batch_upload_demo"",""amount"":101}"
evt_0250,FORM_SUBMISSION,lead_1000,elizabeth.martinez@tesla.com,2026-01-08T04:47:42.667Z,"{""name"":""Elizabeth Martinez"",""company"":""Tesla"",""source"":""batch_upload_demo""}"
evt_0251,PURCHASE,lead_1001,mary.johnson@twitter.com,2026-01-10T17:06:27.035Z,"{""name"":""Mary Johnson"",""company"":""Twitter"",""source"":""batch_upload_demo"",""amount"":672}"
evt_0252,EMAIL_OPEN,lead_1002,richard.gonzalez@google.com,2026-01-08T14:55:59.750Z,"{""name"":""Richard Gonzalez"",""company"":""Google"",""source"":""batch_upload_demo""}"
evt_0253,DEMO_REQUEST,lead_1003,karen.martin@meta.com,2026-01-08T06:21:51.547Z,"{""name"":""Karen Martin"",""company"":""Meta"",""source"":""batch_upload_demo""}"
evt_0254,PURCHASE,lead_1004,william.rodriguez@tesla.com,2026-01-08T20:19:07.454Z,"{""name"":""William Rodriguez"",""company"":""Tesla"",""source"":""batch_upload_demo"",""amount"":409}"
evt_0255,EMAIL_OPEN,lead_1005,william.rodriguez@tesla.com,2026-01-13T00:08:37.216Z,"{""name"":""William Rodriguez"",""company"":""Tesla"",""source"":""batch_upload_demo""}"
evt_0256,EMAIL_OPEN,lead_1006,mary.johnson@microsoft.com,2026-01-07T20:19:04.887Z,"{""name"":""Mary Johnson"",""company"":""Microsoft"",""source"":""batch_upload_demo""}"
evt_0257,DEMO_REQUEST,lead_1007,joseph.anderson@intel.com,2026-01-11T20:13:28.430Z,"{""name"":""Joseph Anderson"",""company"":""Intel"",""source"":""batch_upload_demo""}"
evt_0258,EMAIL_OPEN,lead_1008,charles.jackson@oracle.com,2026-01-12T23:23:50.461Z,"{""name"":""Charles Jackson"",""company"":""Oracle"",""source"":""batch_upload_demo""}"
evt_0259,FORM_SUBMISSION,lead_1009,jessica.thomas@apple.com,2026-01-09T21:45:36.534Z,"{""name"":""Jessica Thomas"",""company"":""Apple"",""source"":""batch_upload_demo""}"
evt_0260,PURCHASE,lead_1010,james.smith@adobe.com,2026-01-10T23:18:43.753Z,"{""name"":""James Smith"",""company"":""Adobe"",""source"":""batch_upload_demo"",""amount"":447}"
evt_0261,EMAIL_OPEN,lead_1011,thomas.taylor@salesforce.com,2026-01-10T09:21:17.440Z,"{""name"":""Thomas Taylor"",""company"":""Salesforce"",""source"":""batch_upload_demo""}"
evt_0262,DEMO_REQUEST,lead_1012,linda.davis@spotify.com,2026-01-13T04:41:03.124Z,"{""name"":""Linda Davis"",""company"":""Spotify"",""source"":""batch_upload_demo""}"
evt_0263,PAGE_VIEW,lead_1013,michael.miller@twitter.com,2026-01-10T07:13:25.842Z,"{""name"":""Michael Miller"",""company"":""Twitter"",""source"":""batch_upload_demo"",""url"":""/home""}"
evt_0264,FORM_SUBMISSION,lead_1014,david.hernandez@netflix.com,2026-01-10T05:58:59.386Z,"{""name"":""David Hernandez"",""company"":""Netflix"",""source"":""batch_upload_demo""}"
evt_0265,EMAIL_OPEN,lead_1015,john.jones@netflix.com,2026-01-08T18:33:08.228Z,"{""name"":""John Jones"",""company"":""Netflix"",""source"":""batch_upload_demo""}"
evt_0266,PAGE_VIEW,lead_1016,jessica.thomas@salesforce.com,2026-01-12T01:40:20.273Z,"{""name"":""Jessica Thomas"",""company"":""Salesforce"",""source"":""batch_upload_demo"",""url"":""/pricing""}"
evt_0267,PURCHASE,lead_1017,linda.davis@adobe.com,2026-01-13T17:16:26.148Z,"{""name"":""Linda Davis"",""company"":""Adobe"",""source"":""batch_upload_demo"",""amount"":253}"
evt_0268,DEMO_REQUEST,lead_1018,richard.gonzalez@oracle.com,2026-01-13T05:46:14.326Z,"{""name"":""Richard Gonzalez"",""company"":""Oracle"",""source"":""batch_upload_demo""}"
evt_0269,EMAIL_OPEN,lead_1019,susan.wilson@meta.com,2026-01-09T09:17:38.775Z,"{""name"":""Susan Wilson"",""company"":""Meta"",""source"":""batch_upload_demo""}"
evt_0270,PAGE_VIEW,lead_1020,david.hernandez@spotify.com,2026-01-09T12:40:50.762Z,"{""name"":""David Hernandez"",""company"":""Spotify"",""source"":""batch_upload_demo"",""url"":""/features""}"
evt_0271,PAGE_VIEW,lead_1021,charles.jackson@oracle.com,2026-01-10T11:50:59.145Z,"{""name"":""Charles Jackson"",""company"":""Oracle"",""source"":""batch_upload_demo"",""url"":""/home""}"
evt_0272,FORM_SUBMISSION,lead_1022,patricia.brown@adobe.com,2026-01-12T06:14:34.513Z,"{""name"":""Patricia Brown"",""company"":""Adobe"",""source"":""batch_upload_demo""}"
evt_0273,DEMO_REQUEST,lead_1023,barbara.lopez@microsoft.com,2026-01-11T16:25:01.965Z,"{""name"":""Barbara Lopez"",""company"":""Microsoft"",""source"":""batch_upload_demo""}"
evt_0274,EMAIL_OPEN,lead_1024,james.smith@tesla.com,2026-01-13T19:56:41.854Z,"{""name"":""James Smith"",""company"":""Tesla"",""source"":""batch_upload_demo""}"
evt_0275,FORM_SUBMISSION,lead_1025,patricia.brown@nvidia.com,2026-01-10T17:33:34.991Z,"{""name"":""Patricia Brown"",""company"":""NVIDIA"",""source"":""batch_upload_demo""}"
evt_0276,PURCHASE,lead_1026,barbara.lopez@salesforce.com,2026-01-08T07:33:39.223Z,"{""name"":""Barbara Lopez"",""company"":""Salesforce"",""source"":""batch_upload_demo"",""amount"":926}"
evt_0277,FORM_SUBMISSION,lead_1027,barbara.lopez@apple.com,2026-01-07T23:42:39.444Z,"{""name"":""Barbara Lopez"",""company"":""Apple"",""source"":""batch_upload_demo""}"
evt_0278,PURCHASE,lead_1028,jennifer.garcia@salesforce.com,2026-01-13T13:35:24.412Z,"{""name"":""Jennifer Garcia"",""company"":""Salesforce"",""source"":""batch_upload_demo"",""amount"":722}"
evt_0279,PAGE_VIEW,lead_1029,sarah.moore@apple.com,2026-01-14T03:25:13.840Z,"{""name"":""Sarah Moore"",""company"":""Apple"",""source"":""batch_upload_demo"",""url"":""/pricing""}"
evt_0280,PURCHASE,lead_1030,linda.davis@uber.com,2026-01-11T17:23:13.514Z,"{""name"":""Linda Davis"",""company"":""Uber"",""source"":""batch_upload_demo"",""amount"":364}"
evt_0281,PURCHASE,lead_1031,thomas.taylor@meta.com,2026-01-12T23:11:51.789Z,"{""name"":""Thomas Taylor"",""company"":""Meta"",""source"":""batch_upload_demo"",""amount"":660}"
evt_0282,FORM_SUBMISSION,lead_1032,patricia.brown@adobe.com,2026-01-07T07:33:44.911Z,"{""name"":""Patricia Brown"",""company"":""Adobe"",""source"":""batch_upload_demo""}"
evt_0283,EMAIL_OPEN,lead_1033,david.hernandez@tesla.com,2026-01-09T19:17:05.184Z,"{""name"":""David Hernandez"",""company"":""Tesla"",""source"":""batch_upload_demo""}"
evt_0284,PAGE_VIEW,lead_1034,linda.davis@spotify.com,2026-01-10T15:49:32.060Z,"{""name"":""Linda Davis"",""company"":""Spotify"",""source"":""batch_upload_demo"",""url"":""/docs""}"
evt_0285,DEMO_REQUEST,lead_1035,linda.davis@nvidia.com,2026-01-13T16:51:43.609Z,"{""name"":""Linda Davis"",""company"":""NVIDIA"",""source"":""batch_upload_demo""}"
evt_0286,PURCHASE,lead_1036,linda.davis@salesforce.com,2026-01-12T12:56:43.715Z,"{""name"":""Linda Davis"",""company"":""Salesforce"",""source"":""batch_upload_demo"",""amount"":163}"
evt_0287,EMAIL_OPEN,lead_1037,barbara.lopez@netflix.com,2026-01-13T21:00:52.361Z,"{""name"":""Barbara Lopez"",""company"":""Netflix"",""source"":""batch_upload_demo""}"
evt_0288,PAGE_VIEW,lead_1038,john.jones@meta.com,2026-01-12T10:50:55.899Z,"{""name"":""John Jones"",""company"":""Meta"",""source"":""batch_upload_demo"",""url"":""/features""}"
evt_0289,FORM_SUBMISSION,lead_1039,thomas.taylor@nvidia.com,2026-01-12T13:14:58.828Z,"{""name"":""Thomas Taylor"",""company"":""NVIDIA"",""source"":""batch_upload_demo""}"
evt_0290,PAGE_VIEW,lead_1040,barbara.lopez@oracle.com,2026-01-12T00:41:06.342Z,"{""name"":""Barbara Lopez"",""company"":""Oracle"",""source"":""batch_upload_demo"",""url"":""/features""}"
evt_0291,FORM_SUBMISSION,lead_1041,joseph.anderson@nvidia.com,2026-01-10T09:29:44.352Z,"{""name"":""Joseph Anderson"",""company"":""NVIDIA"",""source"":""batch_upload_demo""}"
evt_0292,PAGE_VIEW,lead_1042,jennifer.garcia@adobe.com,2026-01-09T06:25:02.069Z,"{""name"":""Jennifer Garcia"",""company"":""Adobe"",""source"":""batch_upload_demo"",""url"":""/features""}"
evt_0293,PURCHASE,lead_1043,joseph.anderson@microsoft.com,2026-01-13T12:55:22.120Z,"{""name"":""Joseph Anderson"",""company"":""Microsoft"",""source"":""batch_upload_demo"",""amount"":694}"
evt_0294,EMAIL_OPEN,lead_1044,richard.gonzalez@twitter.com,2026-01-11T00:07:25.283Z,"{""name"":""Richard Gonzalez"",""company"":""Twitter"",""source"":""batch_upload_demo""}"
evt_0295,EMAIL_OPEN,lead_1045,richard.gonzalez@oracle.com,2026-01-11T15:55:31.553Z,"{""name"":""Richard Gonzalez"",""company"":""Oracle"",""source"":""batch_upload_demo""}"
evt_0296,EMAIL_OPEN,lead_1046,linda.davis@netflix.com,2026-01-13T09:50:57.605Z,"{""name"":""Linda Davis"",""company"":""Netflix"",""source"":""batch_upload_demo""}"
evt_0297,EMAIL_OPEN,lead_1047,thomas.taylor@uber.com,2026-01-09T22:44:50.646Z,"{""name"":""Thomas Taylor"",""company"":""Uber"",""source"":""batch_upload_demo""}"
evt_0298,DEMO_REQUEST,lead_1048,thomas.taylor@amazon.com,2026-01-13T11:06:01.741Z,"{""name"":""Thomas Taylor"",""company"":""Amazon"",""source"":""batch_upload_demo""}"
evt_0299,FORM_SUBMISSION,lead_1049,jennifer.garcia@microsoft.com,2026-01-13T07:51:09.648Z,"{""name"":""Jennifer Garcia"",""company"":""Microsoft"",""source"":""batch_upload_demo""}"
evt_0300,PAGE_VIEW,lead_1000,linda.davis@amazon.com,2026-01-10T05:42:00.237Z,"{""name"":""Linda Davis"",""company"":""Amazon"",""source"":""batch_upload_demo"",""url"":""/home""}"
evt_0301,DEMO_REQUEST,lead_1001,joseph.anderson@microsoft.com,2026-01-08T03:16:25.794Z,"{""name"":""Joseph Anderson"",""company"":""Microsoft"",""source"":""batch_upload_demo""}"
evt_0302,EMAIL_OPEN,lead_1002,mary.johnson@intel.com,2026-01-07T22:56:26.142Z,"{""name"":""Mary Johnson"",""company"":""Intel"",""source"":""batch_upload_demo""}"
evt_0303,FORM_SUBMISSION,lead_1003,thomas.taylor@nvidia.com,2026-01-09T01:04:35.804Z,"{""name"":""Thomas Taylor"",""company"":""NVIDIA"",""source"":""batch_upload_demo""}"
evt_0304,PAGE_VIEW,lead_1004,john.jones@salesforce.com,2026-01-09T09:19:50.087Z,"{""name"":""John Jones"",""company"":""Salesforce"",""source"":""batch_upload_demo"",""url"":""/pricing""}"
evt_0305,DEMO_REQUEST,lead_1005,jennifer.garcia@apple.com,2026-01-09T18:30:16.426Z,"{""name"":""Jennifer Garcia"",""company"":""Apple"",""source"":""batch_upload_demo""}"
evt_0306,DEMO_REQUEST,lead_1006,susan.wilson@amazon.com,2026-01-13T06:39:56.396Z,"{""name"":""Susan Wilson"",""company"":""Amazon"",""source"":""batch_upload_demo""}"
evt_0307,FORM_SUBMISSION,lead_1007,robert.williams@microsoft.com,2026-01-09T23:19:51.078Z,"{""name"":""Robert Williams"",""company"":""Microsoft"",""source"":""batch_upload_demo""}"
evt_0308,DEMO_REQUEST,lead_1008,linda.davis@meta.com,2026-01-13T10:29:06.932Z,"{""name"":""Linda Davis"",""company"":""Meta"",""source"":""batch_upload_demo""}"
evt_0309,PURCHASE,lead_1009,jennifer.garcia@amazon.com,2026-01-10T02:39:19.020Z,"{""name"":""Jennifer Garcia"",""company"":""Amazon"",""source"":""batch_upload_demo"",""amount"":579}"
evt_0310,PAGE_VIEW,lead_1010,thomas.taylor@intel.com,2026-01-07T17:34:20.242Z,"{""name"":""Thomas Taylor"",""company"":""Intel"",""source"":""batch_upload_demo"",""url"":""/home""}"
evt_0311,DEMO_REQUEST,lead_1011,jessica.thomas@oracle.com,2026-01-07T21:19:09.967Z,"{""name"":""Jessica Thomas"",""company"":""Oracle"",""source"":""batch_upload_demo""}"
evt_0312,PAGE_VIEW,lead_1012,michael.miller@apple.com,2026-01-07T14:04:17.321Z,"{""name"":""Michael Miller"",""company"":""Apple"",""source"":""batch_upload_demo"",""url"":""/features""}"
evt_0313,PURCHASE,lead_1013,james.smith@apple.com,2026-01-13T05:01:09.781Z,"{""name"":""James Smith"",""company"":""Apple"",""source"":""batch_upload_demo"",""amount"":285}"
evt_0314,EMAIL_OPEN,lead_1014,linda.davis@apple.com,2026-01-10T01:40:32.705Z,"{""name"":""Linda Davis"",""company"":""Apple"",""source"":""batch_upload_demo""}"
evt_0315,FORM_SUBMISSION,lead_1015,david.hernandez@microsoft.com,2026-01-10T12:57:29.613Z,"{""name"":""David Hernandez"",""company"":""Microsoft"",""source"":""batch_upload_demo""}"
evt_0316,FORM_SUBMISSION,lead_1016,david.hernandez@tesla.com,2026-01-11T20:45:21.879Z,"{""name"":""David Hernandez"",""company"":""Tesla"",""source"":""batch_upload_demo""}"
evt_0317,PURCHASE,lead_1017,james.smith@intel.com,2026-01-08T11:37:21.043Z,"{""name"":""James Smith"",""company"":""Intel"",""source"":""batch_upload_demo"",""amount"":900}"
evt_0318,FORM_SUBMISSION,lead_1018,robert.williams@intel.com,2026-01-11T10:44:26.987Z,"{""name"":""Robert Williams"",""company"":""Intel"",""source"":""batch_upload_demo""}"
evt_0319,DEMO_REQUEST,lead_1019,elizabeth.martinez@google.com,2026-01-10T11:43:53.571Z,"{""name"":""Elizabeth Martinez"",""company"":""Google"",""source"":""batch_upload_demo""}"
evt_0320,FORM_SUBMISSION,lead_1020,mary.johnson@intel.com,2026-01-11T19:59:14.321Z,"{""name"":""Mary Johnson"",""company"":""Intel"",""source"":""batch_upload_demo""}"
evt_0321,PAGE_VIEW,lead_1021,david.hernandez@intel.com,2026-01-10T23:43:27.502Z,"{""name"":""David Hernandez"",""company"":""Intel"",""source"":""batch_upload_demo"",""url"":""/features""}"
evt_0322,FORM_SUBMISSION,lead_1022,patricia.brown@oracle.com,2026-01-10T05:33:23.563Z,"{""name"":""Patricia Brown"",""company"":""Oracle"",""source"":""batch_upload_demo""}"
evt_0323,DEMO_REQUEST,lead_1023,richard.gonzalez@adobe.com,2026-01-08T08:59:56.632Z,"{""name"":""Richard Gonzalez"",""company"":""Adobe"",""source"":""batch_upload_demo""}"
evt_0324,FORM_SUBMISSION,lead_1024,james.smith@tesla.com,2026-01-09T23:00:22.496Z,"{""name"":""James Smith"",""company"":""Tesla"",""source"":""batch_upload_demo""}"
evt_0325,EMAIL_OPEN,lead_1025,elizabeth.martinez@intel.com,2026-01-12T02:09:36.466Z,"{""name"":""Elizabeth Martinez"",""company"":""Intel"",""source"":""batch_upload_demo""}"
evt_0326,FORM_SUBMISSION,lead_1026,karen.martin@amazon.com,2026-01-12T15:22:09.210Z,"{""name"":""Karen Martin"",""company"":""Amazon"",""source"":""batch_upload_demo""}"
evt_0327,PURCHASE,lead_1027,jennifer.garcia@netflix.com,2026-01-10T07:42:35.047Z,"{""name"":""Jennifer Garcia"",""company"":""Netflix"",""source"":""batch_upload_demo"",""amount"":972}"
evt_0328,DEMO_REQUEST,lead_1028,john.jones@tesla.com,2026-01-10T16:52:27.270Z,"{""name"":""John Jones"",""company"":""Tesla"",""source"":""batch_upload_demo""}"
evt_0329,EMAIL_OPEN,lead_1029,thomas.taylor@spotify.com,2026-01-13T21:01:57.577Z,"{""name"":""Thomas Taylor"",""company"":""Spotify"",""source"":""batch_upload_demo""}"
evt_0330,EMAIL_OPEN,lead_1030,barbara.lopez@microsoft.com,2026-01-13T23:32:00.764Z,"{""name"":""Barbara Lopez"",""company"":""Microsoft"",""source"":""batch_upload_demo""}"
evt_0331,EMAIL_OPEN,lead_1031,mary.johnson@amazon.com,2026-01-08T11:42:46.043Z,"{""name"":""Mary Johnson"",""company"":""Amazon"",""source"":""batch_upload_demo""}"
evt_0332,PURCHASE,lead_1032,richard.gonzalez@adobe.com,2026-01-11T00:09:29.708Z,"{""name"":""Richard Gonzalez"",""company"":""Adobe"",""source"":""batch_upload_demo"",""amount"":934}"
evt_0333,PAGE_VIEW,lead_1033,thomas.taylor@spotify.com,2026-01-07T10:34:50.457Z,"{""name"":""Thomas Taylor"",""company"":""Spotify"",""source"":""batch_upload_demo"",""url"":""/features""}"
evt_0334,PAGE_VIEW,lead_1034,jennifer.garcia@meta.com,2026-01-12T03:48:08.576Z,"{""name"":""Jennifer Garcia"",""company"":""Meta"",""source"":""batch_upload_demo"",""url"":""/home""}"
evt_0335,PURCHASE,lead_1035,elizabeth.martinez@salesforce.com,2026-01-11T01:01:13.855Z,"{""name"":""Elizabeth Martinez"",""company"":""Salesforce"",""source"":""batch_upload_demo"",""amount"":1008}"
evt_0336,EMAIL_OPEN,lead_1036,barbara.lopez@microsoft.com,2026-01-10T00:53:36.975Z,"{""name"":""Barbara Lopez"",""company"":""Microsoft"",""source"":""batch_upload_demo""}"
evt_0337,FORM_SUBMISSION,lead_1037,richard.gonzalez@nvidia.com,2026-01-09T10:49:26.928Z,"{""name"":""Richard Gonzalez"",""company"":""NVIDIA"",""source"":""batch_upload_demo""}"
evt_0338,PAGE_VIEW,lead_1038,karen.martin@spotify.com,2026-01-08T00:03:40.397Z,"{""name"":""Karen Martin"",""company"":""Spotify"",""source"":""batch_upload_demo"",""url"":""/features""}"
evt_0339,PURCHASE,lead_1039,elizabeth.martinez@nvidia.com,2026-01-10T05:13:45.637Z,"{""name"":""Elizabeth Martinez"",""company"":""NVIDIA"",""source"":""batch_upload_demo"",""amount"":267}"
evt_0340,DEMO_REQUEST,lead_1040,john.jones@google.com,2026-01-10T20:02:25.385Z,"{""name"":""John Jones"",""company"":""Google"",""source"":""batch_upload_demo""}"
evt_0341,FORM_SUBMISSION,lead_1041,karen.martin@adobe.com,2026-01-13T17:01:54.165Z,"{""name"":""Karen Martin"",""company"":""Adobe"",""source"":""batch_upload_demo""}"
evt_0342,PURCHASE,lead_1042,jennifer.garcia@twitter.com,2026-01-07T07:07:42.557Z,"{""name"":""Jennifer Garcia"",""company"":""Twitter"",""source"":""batch_upload_demo"",""amount"":996}"
evt_0343,EMAIL_OPEN,lead_1043,mary.johnson@oracle.com,2026-01-13T01:51:51.923Z,"{""name"":""Mary Johnson"",""company"":""Oracle"",""source"":""batch_upload_demo""}"
evt_0344,PURCHASE,lead_1044,thomas.taylor@netflix.com,2026-01-07T22:59:04.104Z,"{""name"":""Thomas Taylor"",""company"":""Netflix"",""source"":""batch_upload_demo"",""amount"":386}"
evt_0345,EMAIL_OPEN,lead_1045,karen.martin@intel.com,2026-01-13T04:08:30.507Z,"{""name"":""Karen Martin"",""company"":""Intel"",""source"":""batch_upload_demo""}"
evt_0346,EMAIL_OPEN,lead_1046,thomas.taylor@nvidia.com,2026-01-10T13:06:42.186Z,"{""name"":""Thomas Taylor"",""company"":""NVIDIA"",""source"":""batch_upload_demo""}"
evt_0347,PURCHASE,lead_1047,david.hernandez@meta.com,2026-01-10T18:03:53.238Z,"{""name"":""David Hernandez"",""company"":""Meta"",""source"":""batch_upload_demo"",""amount"":383}"
evt_0348,FORM_SUBMISSION,lead_1048,joseph.anderson@google.com,2026-01-12T14:36:06.051Z,"{""name"":""Joseph Anderson"",""company"":""Google"",""source"":""batch_upload_demo""}"
evt_0349,PAGE_VIEW,lead_1049,john.jones@google.com,2026-01-10T08:57:50.180Z,"{""name"":""John Jones"",""company"":""Google"",""source"":""batch_upload_demo"",""url"":""/features""}"
evt_0350,PAGE_VIEW,lead_1000,susan.wilson@uber.com,2026-01-09T19:44:49.183Z,"{""name"":""Susan Wilson"",""company"":""Uber"",""source"":""batch_upload_demo"",""url"":""/home""}"
evt_0351,FORM_SUBMISSION,lead_1001,james.smith@oracle.com,2026-01-09T10:21:39.142Z,"{""name"":""James Smith"",""company"":""Oracle"",""source"":""batch_upload_demo""}"
evt_0352,EMAIL_OPEN,lead_1002,linda.davis@meta.com,2026-01-14T02:45:25.287Z,"{""name"":""Linda Davis"",""company"":""Meta"",""source"":""batch_upload_demo""}"
evt_0353,PAGE_VIEW,lead_1003,barbara.lopez@microsoft.com,2026-01-08T19:02:48.920Z,"{""name"":""Barbara Lopez"",""company"":""Microsoft"",""source"":""batch_upload_demo"",""url"":""/docs""}"
evt_0354,PAGE_VIEW,lead_1004,charles.jackson@uber.com,2026-01-12T21:47:07.488Z,"{""name"":""Charles Jackson"",""company"":""Uber"",""source"":""batch_upload_demo"",""url"":""/pricing""}"
evt_0355,FORM_SUBMISSION,lead_1005,michael.miller@uber.com,2026-01-08T14:42:43.275Z,"{""name"":""Michael Miller"",""company"":""Uber"",""source"":""batch_upload_demo""}"
evt_0356,PURCHASE,lead_1006,elizabeth.martinez@twitter.com,2026-01-12T07:57:35.671Z,"{""name"":""Elizabeth Martinez"",""company"":""Twitter"",""source"":""batch_upload_demo"",""amount"":1001}"
evt_0357,PURCHASE,lead_1007,mary.johnson@nvidia.com,2026-01-12T17:55:20.780Z,"{""name"":""Mary Johnson"",""company"":""NVIDIA"",""source"":""batch_upload_demo"",""amount"":506}"
evt_0358,FORM_SUBMISSION,lead_1008,susan.wilson@spotify.com,2026-01-11T21:14:43.129Z,"{""name"":""Susan Wilson"",""company"":""Spotify"",""source"":""batch_upload_demo""}"
evt_0359,EMAIL_OPEN,lead_1009,robert.williams@salesforce.com,2026-01-08T13:57:47.902Z,"{""name"":""Robert Williams"",""company"":""Salesforce"",""source"":""batch_upload_demo""}"
evt_0360,PAGE_VIEW,lead_1010,jennifer.garcia@nvidia.com,2026-01-13T03:35:19.009Z,"{""name"":""Jennifer Garcia"",""company"":""NVIDIA"",""source"":""batch_upload_demo"",""url"":""/pricing""}"
evt_0361,PURCHASE,lead_1011,patricia.brown@apple.com,2026-01-13T05:24:39.734Z,"{""name"":""Patricia Brown"",""company"":""Apple"",""source"":""batch_upload_demo"",""amount"":227}"
evt_0362,PURCHASE,lead_1012,elizabeth.martinez@microsoft.com,2026-01-11T23:10:09.841Z,"{""name"":""Elizabeth Martinez"",""company"":""Microsoft"",""source"":""batch_upload_demo"",""amount"":985}"
evt_0363,EMAIL_OPEN,lead_1013,robert.williams@salesforce.com,2026-01-10T07:47:40.995Z,"{""name"":""Robert Williams"",""company"":""Salesforce"",""source"":""batch_upload_demo""}"
evt_0364,EMAIL_OPEN,lead_1014,william.rodriguez@spotify.com,2026-01-11T18:20:20.499Z,"{""name"":""William Rodriguez"",""company"":""Spotify"",""source"":""batch_upload_demo""}"
evt_0365,PAGE_VIEW,lead_1015,patricia.brown@google.com,2026-01-10T03:38:15.489Z,"{""name"":""Patricia Brown"",""company"":""Google"",""source"":""batch_upload_demo"",""url"":""/docs""}"
evt_0366,DEMO_REQUEST,lead_1016,john.jones@adobe.com,2026-01-07T20:17:39.284Z,"{""name"":""John Jones"",""company"":""Adobe"",""source"":""batch_upload_demo""}"
evt_0367,FORM_SUBMISSION,lead_1017,elizabeth.martinez@intel.com,2026-01-07T09:23:30.340Z,"{""name"":""Elizabeth Martinez"",""company"":""Intel"",""source"":""batch_upload_demo""}"
evt_0368,EMAIL_OPEN,lead_1018,karen.martin@amazon.com,2026-01-08T08:56:17.365Z,"{""name"":""Karen Martin"",""company"":""Amazon"",""source"":""batch_upload_demo""}"
evt_0369,DEMO_REQUEST,lead_1019,john.jones@tesla.com,2026-01-12T03:12:58.508Z,"{""name"":""John Jones"",""company"":""Tesla"",""source"":""batch_upload_demo""}"
evt_0370,FORM_SUBMISSION,lead_1020,james.smith@intel.com,2026-01-12T08:08:36.224Z,"{""name"":""James Smith"",""company"":""Intel"",""source"":""batch_upload_demo""}"
evt_0371,FORM_SUBMISSION,lead_1021,michael.miller@uber.com,2026-01-09T12:23:17.109Z,"{""name"":""Michael Miller"",""company"":""Uber"",""source"":""batch_upload_demo""}"
evt_0372,DEMO_REQUEST,lead_1022,charles.jackson@google.com,2026-01-13T07:34:36.250Z,"{""name"":""Charles Jackson"",""company"":""Google"",""source"":""batch_upload_demo""}"
evt_0373,PURCHASE,lead_1023,linda.davis@nvidia.com,2026-01-13T00:26:01.877Z,"{""name"":""Linda Davis"",""company"":""NVIDIA"",""source"":""batch_upload_demo"",""amount"":540}"
evt_0374,FORM_SUBMISSION,lead_1024,patricia.brown@uber.com,2026-01-12T17:17:35.325Z,"{""name"":""Patricia Brown"",""company"":""Uber"",""source"":""batch_upload_demo""}"
evt_0375,EMAIL_OPEN,lead_1025,james.smith@spotify.com,2026-01-11T03:35:18.882Z,"{""name"":""James Smith"",""company"":""Spotify"",""source"":""batch_upload_demo""}"
evt_0376,FORM_SUBMISSION,lead_1026,john.jones@microsoft.com,2026-01-14T06:10:46.511Z,"{""name"":""John Jones"",""company"":""Microsoft"",""source"":""batch_upload_demo""}"
evt_0377,DEMO_REQUEST,lead_1027,charles.jackson@uber.com,2026-01-11T16:22:01.681Z,"{""name"":""Charles Jackson"",""company"":""Uber"",""source"":""batch_upload_demo""}"
evt_0378,PAGE_VIEW,lead_1028,charles.jackson@adobe.com,2026-01-12T09:10:13.239Z,"{""name"":""Charles Jackson"",""company"":""Adobe"",""source"":""batch_upload_demo"",""url"":""/home""}"
evt_0379,DEMO_REQUEST,lead_1029,susan.wilson@tesla.com,2026-01-09T22:49:04.453Z,"{""name"":""Susan Wilson"",""company"":""Tesla"",""source"":""batch_upload_demo""}"
evt_0380,EMAIL_OPEN,lead_1030,richard.gonzalez@google.com,2026-01-10T13:52:12.448Z,"{""name"":""Richard Gonzalez"",""company"":""Google"",""source"":""batch_upload_demo""}"
evt_0381,PURCHASE,lead_1031,patricia.brown@amazon.com,2026-01-12T12:31:53.629Z,"{""name"":""Patricia Brown"",""company"":""Amazon"",""source"":""batch_upload_demo"",""amount"":90}"
evt_0382,PURCHASE,lead_1032,michael.miller@oracle.com,2026-01-09T06:10:08.846Z,"{""name"":""Michael Miller"",""company"":""Oracle"",""source"":""batch_upload_demo"",""amount"":378}"
evt_0383,FORM_SUBMISSION,lead_1033,jessica.thomas@twitter.com,2026-01-07T12:24:45.017Z,"{""name"":""Jessica Thomas"",""company"":""Twitter"",""source"":""batch_upload_demo""}"
evt_0384,DEMO_REQUEST,lead_1034,karen.martin@salesforce.com,2026-01-07T22:01:22.962Z,"{""name"":""Karen Martin"",""company"":""Salesforce"",""source"":""batch_upload_demo""}"
evt_0385,PAGE_VIEW,lead_1035,richard.gonzalez@intel.com,2026-01-10T02:39:56.142Z,"{""name"":""Richard Gonzalez"",""company"":""Intel"",""source"":""batch_upload_demo"",""url"":""/docs""}"
evt_0386,EMAIL_OPEN,lead_1036,karen.martin@microsoft.com,2026-01-07T14:01:17.842Z,"{""name"":""Karen Martin"",""company"":""Microsoft"",""source"":""batch_upload_demo""}"
evt_0387,PURCHASE,lead_1037,john.jones@salesforce.com,2026-01-12T15:33:53.094Z,"{""name"":""John Jones"",""company"":""Salesforce"",""source"":""batch_upload_demo"",""amount"":886}"
evt_0388,PURCHASE,lead_1038,james.smith@microsoft.com,2026-01-11T00:32:46.446Z,"{""name"":""James Smith"",""company"":""Microsoft"",""source"":""batch_upload_demo"",""amount"":177}"
evt_0389,PAGE_VIEW,lead_1039,robert.williams@apple.com,2026-01-13T02:39:49.580Z,"{""name"":""Robert Williams"",""company"":""Apple"",""source"":""batch_upload_demo"",""url"":""/docs""}"
evt_0390,PURCHASE,lead_1040,joseph.anderson@nvidia.com,2026-01-11T09:26:06.060Z,"{""name"":""Joseph Anderson"",""company"":""NVIDIA"",""source"":""batch_upload_demo"",""amount"":1007}"
evt_0391,EMAIL_OPEN,lead_1041,karen.martin@google.com,2026-01-14T06:32:54.788Z,"{""name"":""Karen Martin"",""company"":""Google"",""source"":""batch_upload_demo""}"
evt_0392,EMAIL_OPEN,lead_1042,richard.gonzalez@google.com,2026-01-07T17:44:06.772Z,"{""name"":""Richard Gonzalez"",""company"":""Google"",""source"":""batch_upload_demo""}"
evt_0393,EMAIL_OPEN,lead_1043,susan.wilson@oracle.com,2026-01-11T13:18:21.577Z,"{""name"":""Susan Wilson"",""company"":""Oracle"",""source"":""batch_upload_demo""}"
evt_0394,FORM_SUBMISSION,lead_1044,thomas.taylor@microsoft.com,2026-01-07T17:41:21.176Z,"{""name"":""Thomas Taylor"",""company"":""Microsoft"",""source"":""batch_upload_demo""}"
evt_0395,PURCHASE,lead_1045,linda.davis@netflix.com,2026-01-09T03:34:10.475Z,"{""name"":""Linda Davis"",""company"":""Netflix"",""source"":""batch_upload_demo"",""amount"":427}"
evt_0396,DEMO_REQUEST,lead_1046,karen.martin@netflix.com,2026-01-11T21:06:10.091Z,"{""name"":""Karen Martin"",""company"":""Netflix"",""source"":""batch_upload_demo""}"
evt_0397,FORM_SUBMISSION,lead_1047,james.smith@twitter.com,2026-01-08T07:23:48.650Z,"{""name"":""James Smith"",""company"":""Twitter"",""source"":""batch_upload_demo""}"
evt_0398,PAGE_VIEW,lead_1048,elizabeth.martinez@adobe.com,2026-01-09T04:34:13.929Z,"{""name"":""Elizabeth Martinez"",""company"":""Adobe"",""source"":""batch_upload_demo"",""url"":""/pricing""}"
evt_0399,PAGE_VIEW,lead_1049,william.rodriguez@intel.com,2026-01-08T07:56:14.856Z,"{""name"":""William Rodriguez"",""company"":""Intel"",""source"":""batch_upload_demo"",""url"":""/features""}"
evt_0400,PURCHASE,lead_1000,thomas.taylor@meta.com,2026-01-12T04:19:00.006Z,"{""name"":""Thomas Taylor"",""company"":""Meta"",""source"":""batch_upload_demo"",""amount"":472}"
